fitter,token,train,test
nb_cv,no,0.876926259178819,0.707196029776675
nb_tf,no,0.9053676698727893,0.7303556658395368
logreg,no,0.9989657668838556,0.7440033085194375
dectree,no,0.8874754369634916,0.6451612903225806
randfor,no,0.7875685179439446,0.7138130686517783
nb_cv,lem,0.879304995345951,0.7133995037220844
nb_tf,lem,0.9048505533147171,0.7224979321753515
logreg,lem,0.99906919019547,0.7411083540115798
dectree,lem,0.8914055228048402,0.6513647642679901
randfor,lem,0.7895335608646189,0.705955334987593
nb_cv,port,0.8743406763884579,0.7043010752688172
nb_tf,port,0.9052642465611749,0.7241521918941274
logreg,port,0.99906919019547,0.73904052936311
dectree,port,0.886648050470576,0.6488833746898263
randfor,port,0.7873616713207157,0.7158808933002482
lasso,no,0.9478746509463233,0.7100909842845327
ridge,no,0.888509670079636,0.7233250620347395
lasso,port,0.8647223084083152,0.717535153019024
ridge,port,0.8840624676802151,0.7253928866832092
lasso,lem,0.9465301478953356,0.7138130686517783
ridge,lem,0.8962664184507187,0.7241521918941274
